epoch,step,valid_loss
0,145,48.10173034667969
1,291,38.7282829284668
2,437,36.89204406738281
3,583,33.60640335083008
4,729,29.826892852783203
