epoch,step,valid_loss
0,174,12565.2802734375
1,349,3734.765869140625
2,524,2924.33251953125
3,699,2572.280029296875
4,874,2366.814697265625
5,1049,2165.63037109375
6,1224,2145.1064453125
7,1399,2101.847412109375
8,1574,2105.71630859375
9,1749,2011.041015625
