epoch,step,valid_loss
0,772,2475.2822265625
1,1545,1981.7137451171875
2,2318,2309.907470703125
3,3091,2101.541015625
4,3864,1816.59423828125
5,4637,2022.734130859375
6,5410,1849.5498046875
7,6183,1823.5657958984375
8,6956,2354.4755859375
9,7729,2358.26171875
