epoch,step,valid_loss
0,42,33898.71875
1,85,33227.95703125
2,128,32082.84765625
3,171,30904.6640625
4,214,29834.169921875
5,257,28967.447265625
6,300,28365.845703125
7,343,28008.03515625
8,386,27846.88671875
9,429,27806.826171875
