epoch,step,valid_loss
0,1340,4745.24609375
1,2681,3154.223388671875
2,4022,2492.3427734375
3,5363,2394.028076171875
4,6704,2193.7509765625
5,8045,2235.113037109375
6,9386,2168.2099609375
7,10727,2179.8994140625
8,12068,2156.04736328125
9,13409,2143.641845703125
