epoch,step,valid_loss
0,3093,1892.0784912109375
1,6187,1641.593017578125
2,9281,1535.2960205078125
3,12375,1548.2574462890625
4,15469,1451.9703369140625
5,18563,1533.34326171875
6,21657,1449.1944580078125
7,24751,1367.6153564453125
8,27845,1347.075927734375
9,30939,1379.3331298828125
