epoch,step,valid_loss
0,1546,3286.5224609375
1,3093,2475.897216796875
2,4640,2102.097900390625
3,6187,1918.606201171875
4,7734,1819.8232421875
5,9281,1793.0731201171875
6,10828,1712.168212890625
7,12375,1626.564697265625
8,13922,1687.84716796875
9,15469,1543.052001953125
