epoch,step,valid_loss
0,699,2809.15185546875
1,1399,2300.05517578125
2,2099,2067.523681640625
3,2799,1954.7242431640625
4,3499,1875.138427734375
5,4199,1806.61328125
6,4899,1764.4210205078125
7,5599,1700.6817626953125
8,6299,1610.1845703125
9,6999,1631.284912109375
