epoch,step,valid_loss
0,42,27630.201171875
1,85,17300.77734375
2,128,13356.8603515625
3,171,10214.552734375
4,214,7774.41162109375
5,257,5258.43017578125
6,300,4659.71826171875
7,343,4495.91064453125
8,386,4433.8603515625
9,429,4414.06689453125
