epoch,step,valid_loss
0,1546,2742.92236328125
1,3093,3002.14453125
2,4640,4106.56494140625
3,6187,3540.299072265625
4,7734,2964.67138671875
5,9281,3324.81591796875
6,10828,3191.5869140625
7,12375,3154.751708984375
8,13922,3052.5771484375
9,15469,4090.423828125
