epoch,step,valid_loss
0,1340,2494.90087890625
1,2681,1637.0662841796875
2,4022,1724.9132080078125
3,5363,1303.2364501953125
4,6704,1325.709228515625
5,8045,1115.59814453125
6,9386,1187.7972412109375
7,10727,1095.9908447265625
8,12068,1081.6248779296875
9,13409,1076.2132568359375
