epoch,step,valid_loss
0,1340,2648.965087890625
1,2681,5568.61962890625
2,4022,2530.371826171875
3,5363,4915.00830078125
4,6704,4110.5078125
5,8045,4755.75048828125
6,9386,6606.69873046875
7,10727,6799.28662109375
8,12068,6669.00537109375
9,13409,6270.56494140625
