epoch,step,valid_loss
0,772,2323.45849609375
1,1545,1902.9915771484375
2,2318,1745.152099609375
3,3091,1745.611083984375
4,3864,1690.374755859375
5,4637,1613.0218505859375
6,5410,1601.7159423828125
7,6183,1576.1259765625
8,6956,1504.4464111328125
9,7729,1481.6044921875
