epoch,step,valid_loss
0,6188,1789.1136474609375
1,12377,1560.2447509765625
2,18566,1649.5772705078125
3,24755,1476.1729736328125
4,30944,1364.152587890625
5,37133,1370.703857421875
6,43322,1430.5404052734375
7,49511,1349.4200439453125
8,55700,1310.5511474609375
9,61889,1327.0775146484375
