epoch,step,valid_loss
0,6188,1697.830810546875
1,12377,1544.8414306640625
2,18566,1359.3360595703125
3,24755,1332.139892578125
4,30944,1245.83154296875
5,37133,1187.67138671875
6,43322,1190.87109375
7,49511,1189.70654296875
8,55700,1163.8621826171875
9,61889,1190.8214111328125
