epoch,step,valid_loss
0,349,4035.30029296875
1,699,3589.78564453125
2,1049,3507.02197265625
3,1399,3135.038330078125
4,1749,3107.511962890625
5,2099,3014.40283203125
6,2449,2681.4150390625
7,2799,2735.4833984375
8,3149,2661.350830078125
9,3499,2646.025390625
