epoch,step,valid_loss
0,1340,2664.326904296875
1,2681,1776.1346435546875
2,4022,1474.4295654296875
3,5363,1431.69287109375
4,6704,1358.515869140625
5,8045,1172.3046875
6,9386,1148.151611328125
7,10727,1066.7855224609375
8,12068,1016.0968627929688
9,13409,998.8766479492188
