epoch,step,train_loss_step
0,49,1.1938220262527466
0,99,1.1209290027618408
0,149,0.9152389168739319
0,199,0.7216470241546631
0,249,0.6510004997253418
0,299,0.5998680591583252
0,349,0.5697599053382874
0,399,0.5118597149848938
0,449,0.48233333230018616
0,499,0.5095303058624268
0,549,0.4737216830253601
0,599,0.4364640712738037
