epoch,step,valid_loss
0,669,4618.9208984375
1,1339,3803.87158203125
2,2009,3485.82861328125
3,2679,2465.684326171875
4,3349,2223.642822265625
5,4019,2099.987060546875
6,4689,1952.0595703125
7,5359,1925.25830078125
8,6029,1845.6522216796875
9,6699,1831.58251953125
