epoch,step,valid_loss
0,20,34038.55859375
1,41,34025.15234375
2,62,34010.9921875
3,83,33996.72265625
4,104,33983.453125
5,125,33972.30078125
6,146,33964.11328125
7,167,33959.09765625
8,188,33956.75
9,209,33956.16015625
