epoch,step,valid_loss
0,349,3312.884765625
1,699,2897.24609375
2,1049,2725.734375
3,1399,2645.015625
4,1749,2628.413818359375
5,2099,2378.892578125
6,2449,2226.989501953125
7,2799,2104.81396484375
8,3149,1951.4315185546875
9,3499,1995.6536865234375
