epoch,step,valid_loss
0,82,15567.0361328125
1,165,11956.189453125
2,248,11966.1669921875
3,331,5088.4765625
4,414,4005.457763671875
5,497,3775.747314453125
6,580,3738.65185546875
7,663,3619.81689453125
8,746,3572.967529296875
9,829,3566.92138671875
