epoch,step,valid_loss
0,1546,2017.6201171875
1,3093,1905.7645263671875
2,4640,1815.526123046875
3,6187,1813.98486328125
4,7734,1856.8134765625
5,9281,1832.541015625
6,10828,2142.97998046875
7,12375,2014.7515869140625
8,13922,1859.1549072265625
9,15469,1844.2762451171875
