epoch,step,valid_loss
0,42,33878.70703125
1,85,33518.66796875
2,128,32951.94921875
3,171,32350.29296875
4,214,31839.662109375
5,257,31386.822265625
6,300,31088.443359375
7,343,30922.224609375
8,386,30847.69921875
9,429,30829.3515625
