epoch,step,valid_loss
0,6188,2073.928955078125
1,12377,1642.7020263671875
2,18566,1435.2027587890625
3,24755,1380.4525146484375
4,30944,1275.3211669921875
5,37133,1186.0316162109375
6,43322,1214.580810546875
7,49511,1217.374267578125
8,55700,1188.226318359375
9,61889,1233.1295166015625
