epoch,step,valid_loss
0,669,6347.63818359375
1,1339,4628.263671875
2,2009,3587.52685546875
3,2679,4378.63037109375
4,3349,5672.775390625
5,4019,4985.8681640625
6,4689,5049.1669921875
7,5359,5213.705078125
8,6029,5360.82958984375
9,6699,5019.44140625
