epoch,step,valid_loss
0,699,2988.91259765625
1,1399,4688.03857421875
2,2099,2840.481689453125
3,2799,3691.764892578125
4,3499,2931.37353515625
5,4199,2599.1484375
6,4899,2466.320068359375
7,5599,2355.075439453125
8,6299,2194.6455078125
9,6999,2173.296875
