epoch,step,valid_loss
0,42,18396.966796875
1,85,12264.2451171875
2,128,4641.08349609375
3,171,3445.77392578125
4,214,3018.968017578125
5,257,2801.73095703125
6,300,2673.926513671875
7,343,2640.890625
8,386,2577.22900390625
9,429,2557.69091796875
