epoch,step,valid_loss
0,1340,2740.67041015625
1,2681,2094.69970703125
2,4022,1600.31298828125
3,5363,1514.556640625
4,6704,1249.3812255859375
5,8045,1112.8465576171875
6,9386,1089.053466796875
7,10727,1043.365478515625
8,12068,1069.700439453125
9,13409,1049.85546875
