epoch,step,valid_loss
0,699,2595.828857421875
1,1399,1976.5238037109375
2,2099,1922.1361083984375
3,2799,1836.641845703125
4,3499,1786.1258544921875
5,4199,1844.515625
6,4899,1718.8668212890625
7,5599,1785.005126953125
8,6299,1721.713623046875
9,6999,1728.522216796875
