epoch,step,valid_loss
0,192,10555.3798828125
1,385,3412.680419921875
2,578,2539.33544921875
3,771,2297.19677734375
4,964,2197.99462890625
5,1157,2133.92919921875
6,1350,2008.6900634765625
7,1543,1995.0902099609375
8,1736,1950.0750732421875
9,1929,1880.021728515625
