epoch,step,valid_loss
0,334,13134.4140625
1,669,11738.2822265625
2,1004,4292.75732421875
3,1339,3342.130126953125
4,1674,2904.677490234375
5,2009,2789.03466796875
6,2344,2669.80615234375
7,2679,2632.78173828125
8,3014,2562.639404296875
9,3349,2564.12890625
