epoch,step,valid_loss
0,1546,8822.064453125
1,3093,4482.9990234375
2,4640,3043.755126953125
3,6187,2445.389404296875
4,7734,2328.999267578125
5,9281,2173.775634765625
6,10828,1955.1651611328125
7,12375,1970.824462890625
8,13922,1794.715087890625
9,15469,1666.9853515625
