epoch,step,valid_loss
0,349,3307.181396484375
1,699,2769.991455078125
2,1049,2579.51416015625
3,1399,2371.2685546875
4,1749,2021.8516845703125
5,2099,1980.9073486328125
6,2449,2000.8707275390625
7,2799,1901.689453125
8,3149,2020.6864013671875
9,3499,1775.75244140625
