epoch,step,valid_loss
0,349,3648.8203125
1,699,2437.500244140625
2,1049,2237.4375
3,1399,1934.6778564453125
4,1749,1729.9368896484375
5,2099,1682.6729736328125
6,2449,1673.2236328125
7,2799,1736.5343017578125
8,3149,1628.0538330078125
9,3499,1618.6693115234375
