epoch,step,valid_loss
0,334,2707.252197265625
1,669,2241.84814453125
2,1004,1995.1646728515625
3,1339,1953.234130859375
4,1674,1576.0533447265625
5,2009,1460.0615234375
6,2344,1350.112548828125
7,2679,1235.96826171875
8,3014,1173.5020751953125
9,3349,1155.287109375
