epoch,step,valid_loss
0,174,3837.645751953125
1,349,3883.46337890625
2,524,3306.72900390625
3,699,2967.846435546875
4,874,2901.835693359375
5,1049,2830.60986328125
6,1224,2607.69580078125
7,1399,2514.549072265625
8,1574,2465.4033203125
9,1749,2416.0078125
