epoch,step,valid_loss
0,699,3510.064453125
1,1399,3036.072265625
2,2099,2470.177978515625
3,2799,2359.415771484375
4,3499,2422.544677734375
5,4199,2239.501953125
6,4899,2236.162841796875
7,5599,2311.80078125
8,6299,2024.831298828125
9,6999,1941.2862548828125
