epoch,step,valid_loss
0,699,2900.881591796875
1,1399,2166.48095703125
2,2099,2103.79833984375
3,2799,1816.1776123046875
4,3499,1852.787109375
5,4199,1854.1834716796875
6,4899,1819.63525390625
7,5599,1673.9075927734375
8,6299,1643.7696533203125
9,6999,1605.8619384765625
