epoch,step,valid_loss
0,3093,4457.10693359375
1,6187,3212.266845703125
2,9281,4714.03515625
3,12375,4561.24169921875
4,15469,4445.81005859375
5,18563,3229.92041015625
6,21657,4958.44482421875
7,24751,4885.42236328125
8,27845,3527.033203125
9,30939,3707.69775390625
