epoch,step,valid_loss
0,1340,2048.40966796875
1,2681,1724.1075439453125
2,4022,1479.7572021484375
3,5363,1183.861328125
4,6704,1289.5562744140625
5,8045,1033.787353515625
6,9386,994.9529418945312
7,10727,959.2366333007812
8,12068,957.9042358398438
9,13409,939.9281005859375
