epoch,step,valid_loss
0,334,10194.5205078125
1,669,5157.22998046875
2,1004,4800.6171875
3,1339,4613.75048828125
4,1674,4411.14990234375
5,2009,4415.4169921875
6,2344,4036.795654296875
7,2679,3905.710693359375
8,3014,3708.448486328125
9,3349,3442.091064453125
