epoch,step,valid_loss
0,1340,2134.769287109375
1,2681,1949.21337890625
2,4022,2040.052978515625
3,5363,1744.8427734375
4,6704,1686.91552734375
5,8045,1602.787109375
6,9386,1370.029052734375
7,10727,1183.6590576171875
8,12068,1218.023193359375
9,13409,1230.0653076171875
