epoch,step,valid_loss
0,1340,2655.333984375
1,2681,2179.929443359375
2,4022,1716.2333984375
3,5363,1530.27294921875
4,6704,1392.1776123046875
5,8045,1305.154296875
6,9386,1309.934326171875
7,10727,1202.246337890625
8,12068,1233.759765625
9,13409,1227.2196044921875
