epoch,step,valid_loss
0,1340,2844.02978515625
1,2681,2057.590576171875
2,4022,1964.656982421875
3,5363,2122.243896484375
4,6704,1769.879150390625
5,8045,1455.73876953125
6,9386,1308.8466796875
7,10727,1125.3985595703125
8,12068,1008.5301513671875
9,13409,997.11474609375
