epoch,step,valid_loss
0,6188,1478.9659423828125
1,12377,1267.179443359375
2,18566,1230.6976318359375
3,24755,1162.7249755859375
4,30944,1140.8209228515625
5,37133,1165.8629150390625
6,43322,1124.5223388671875
7,49511,1129.11181640625
8,55700,1156.59912109375
9,61889,1121.6883544921875
