,train_RMSE,train_MAE,train_R2,valid_RMSE,valid_MAE,valid_R2
1,0.2236512303352356,0.15396292507648468,0.26588261127471924,0.1678801029920578,0.12729401886463165,0.790955126285553
2,0.20530536770820618,0.15112142264842987,0.5052711963653564,80.28801727294922,12.046226501464844,-0.02266848087310791
3,0.22828395664691925,0.16519714891910553,0.3172645568847656,0.5282431244850159,0.1885906159877777,0.20557236671447754
4,0.1998167484998703,0.14857566356658936,0.5966907739639282,0.7657800912857056,0.20492622256278992,0.09466314315795898
5,0.21328110992908478,0.15877415239810944,0.5087686777114868,1.031174659729004,0.23924583196640015,-0.06146681308746338
6,0.23720283806324005,0.16374929249286652,0.2351667881011963,0.1909836381673813,0.14022190868854523,0.45145195722579956
7,0.22556401789188385,0.1621612161397934,0.2645777463912964,2.154048442840576,0.434902161359787,-0.008655190467834473
8,0.22013328969478607,0.16623152792453766,0.5631406307220459,0.24861131608486176,0.16383564472198486,0.6783369779586792
9,0.20773054659366608,0.1462608426809311,0.53006911277771,6.420903205871582,1.0962270498275757,-0.010738968849182129
10,0.2505549192428589,0.18796955049037933,0.28238147497177124,0.3506712019443512,0.18135195970535278,0.13040494918823242
11,0.2300182729959488,0.16463153064250946,0.16684693098068237,1.1624231338500977,0.3047914505004883,-0.03964638710021973
12,0.23154914379119873,0.17922449111938477,0.32963091135025024,2.1556477546691895,0.41593748331069946,-0.011072993278503418
13,0.21337950229644775,0.14867621660232544,0.41635411977767944,3.901148796081543,0.7156587839126587,-0.03132736682891846
14,0.22555603086948395,0.16891011595726013,0.35294991731643677,5.958865165710449,0.9980645179748535,-0.026403188705444336
15,0.21713221073150635,0.1472640484571457,0.5212713479995728,2.063225507736206,0.4222909212112427,-0.013498187065124512
16,0.20854775607585907,0.1494702696800232,0.47582709789276123,0.20012328028678894,0.14698348939418793,0.6964141130447388
17,0.21347300708293915,0.16030444204807281,0.47896814346313477,0.15874387323856354,0.11047746986150742,0.5970553159713745
18,0.21668240427970886,0.1569177359342575,0.4057912826538086,0.159282848238945,0.11373301595449448,0.8143278360366821
19,0.22268906235694885,0.15974171459674835,0.38285934925079346,0.1741364598274231,0.13777923583984375,0.466148316860199
20,0.21243135631084442,0.15611833333969116,0.49374961853027344,0.19263756275177002,0.14825935661792755,0.44432640075683594
