epoch,step,valid_loss
0,174,7454.4130859375
1,349,3543.67529296875
2,524,3245.471923828125
3,699,2983.245361328125
4,874,3292.435546875
5,1049,2841.097412109375
6,1224,2572.068359375
7,1399,2500.788818359375
8,1574,2454.2744140625
9,1749,2408.1416015625
