epoch,step,valid_loss
0,6188,1539.7691650390625
1,12377,1327.218017578125
2,18566,1231.429443359375
3,24755,1240.7867431640625
4,30944,1238.187744140625
5,37133,1229.19140625
6,43322,1194.200439453125
7,49511,1197.913818359375
8,55700,1173.517333984375
9,61889,1378.0115966796875
