epoch,step,valid_loss
0,349,6113.25634765625
1,699,4223.0595703125
2,1049,5237.998046875
3,1399,7378.52392578125
4,1749,9432.5732421875
5,2099,13031.4462890625
6,2449,12965.1787109375
7,2799,12894.6826171875
8,3149,13822.3095703125
9,3499,13105.2470703125
