epoch,step,valid_loss
0,349,3749.68017578125
1,699,4480.8046875
2,1049,4277.5185546875
3,1399,3764.94189453125
4,1749,nan
5,2099,nan
6,2449,nan
7,2799,nan
8,3149,nan
9,3499,nan
