epoch,step,valid_loss
0,349,4219.43896484375
1,699,4228.1162109375
2,1049,8160.57080078125
3,1399,4673.57568359375
4,1749,4933.99853515625
5,2099,3618.071533203125
6,2449,3747.488525390625
7,2799,3738.37109375
8,3149,3107.22412109375
9,3499,2981.15283203125
