epoch,step,valid_loss
0,699,3714.370849609375
1,1399,3177.75048828125
2,2099,3275.810791015625
3,2799,3068.65576171875
4,3499,2690.182861328125
5,4199,2473.36083984375
6,4899,2278.95654296875
7,5599,2212.317626953125
8,6299,2028.2486572265625
9,6999,2032.846435546875
