epoch,step,valid_loss
0,3093,2406.923828125
1,6187,1982.0623779296875
2,9281,1685.1556396484375
3,12375,1560.120849609375
4,15469,1506.7696533203125
5,18563,1391.96875
6,21657,1341.166259765625
7,24751,1370.181396484375
8,27845,1322.8397216796875
9,30939,1247.912841796875
