epoch,step,valid_loss
0,699,7952.875
1,1399,3701.93212890625
2,2099,3131.6572265625
3,2799,2779.406494140625
4,3499,2672.511962890625
5,4199,2650.545654296875
6,4899,2457.947509765625
7,5599,2419.248291015625
8,6299,2373.048828125
9,6999,2397.232666015625
