epoch,step,valid_loss
0,40,35444.62890625
1,81,28336.822265625
2,122,20383.412109375
3,163,15247.943359375
4,204,13100.9638671875
5,245,12402.232421875
6,286,12165.599609375
7,327,11701.1708984375
8,368,11149.0205078125
9,409,11067.0458984375
