epoch,step,valid_loss
0,669,2705.931396484375
1,1339,2716.55810546875
2,2009,1817.6678466796875
3,2679,1623.48583984375
4,3349,1464.359130859375
5,4019,1395.3704833984375
6,4689,1248.5758056640625
7,5359,1307.9703369140625
8,6029,1215.2203369140625
9,6699,1211.194091796875
