epoch,step,valid_loss
0,3093,2174.84912109375
1,6187,2143.210693359375
2,9281,2051.126953125
3,12375,1402.4700927734375
4,15469,1533.1209716796875
5,18563,1374.4482421875
6,21657,1262.9764404296875
7,24751,1284.4412841796875
8,27845,1221.753173828125
9,30939,1210.2926025390625
