epoch,step,valid_loss
0,6188,5716.2353515625
1,12377,4627.2080078125
2,18566,4459.36572265625
3,24755,4056.00341796875
4,30944,4269.36083984375
5,37133,3846.030029296875
6,43322,3963.069091796875
7,49511,3115.283203125
8,55700,86200.890625
9,61889,6644.63720703125
