epoch,step,valid_loss
0,3093,1884.4302978515625
1,6187,1718.1141357421875
2,9281,1438.0750732421875
3,12375,1387.890380859375
4,15469,1298.599365234375
5,18563,1227.1226806640625
6,21657,1225.66845703125
7,24751,1274.512939453125
8,27845,1262.76806640625
9,30939,1263.35400390625
