epoch,step,valid_loss
0,6188,3526.892333984375
1,12377,2227.927734375
2,18566,1868.238525390625
3,24755,1669.7010498046875
4,30944,1569.83154296875
5,37133,1607.4222412109375
6,43322,1525.404541015625
7,49511,1587.6357421875
8,55700,1442.3182373046875
9,61889,1531.7388916015625
