epoch,step,valid_loss
0,1340,3219.526123046875
1,2681,2532.506103515625
2,4022,1979.2657470703125
3,5363,1484.419189453125
4,6704,1572.100830078125
5,8045,1588.0103759765625
6,9386,1164.8846435546875
7,10727,1110.0726318359375
8,12068,1090.4910888671875
9,13409,1062.083251953125
