epoch,step,valid_loss
0,349,3761.699462890625
1,699,2599.13916015625
2,1049,2637.25146484375
3,1399,2381.05908203125
4,1749,2249.8642578125
5,2099,2220.029541015625
6,2449,1998.4105224609375
7,2799,1918.296875
8,3149,1898.9483642578125
9,3499,1868.9541015625
