epoch,step,valid_loss
0,6188,2335.611328125
1,12377,1686.2969970703125
2,18566,1484.3934326171875
3,24755,1457.64306640625
4,30944,1289.857177734375
5,37133,1260.3016357421875
6,43322,1289.116943359375
7,49511,1329.2720947265625
8,55700,1197.179931640625
9,61889,1281.8736572265625
