epoch,step,valid_loss
0,669,3144.331787109375
1,1339,2805.324462890625
2,2009,2828.070556640625
3,2679,2602.45751953125
4,3349,2219.178466796875
5,4019,1995.7037353515625
6,4689,1804.98046875
7,5359,1800.5234375
8,6029,1682.1044921875
9,6699,1547.48583984375
