epoch,step,valid_loss
0,349,4117.49072265625
1,699,3000.38232421875
2,1049,2706.8857421875
3,1399,2665.197509765625
4,1749,2446.81201171875
5,2099,2104.564697265625
6,2449,2087.434326171875
7,2799,1739.17724609375
8,3149,1811.9110107421875
9,3499,1806.9879150390625
