epoch,step,valid_loss
0,669,4228.34619140625
1,1339,2623.375244140625
2,2009,2069.427734375
3,2679,1833.45263671875
4,3349,1762.3165283203125
5,4019,1712.90576171875
6,4689,1744.4674072265625
7,5359,1637.40869140625
8,6029,1593.646728515625
9,6699,1599.0242919921875
