epoch,step,valid_loss
0,772,5076.49462890625
1,1545,2855.177734375
2,2318,2285.376953125
3,3091,2001.3310546875
4,3864,1774.3953857421875
5,4637,1646.1434326171875
6,5410,1531.5347900390625
7,6183,1489.772216796875
8,6956,1493.7215576171875
9,7729,1483.3492431640625
