epoch,step,valid_loss
0,1340,6288.9033203125
1,2681,3443.980224609375
2,4022,2530.74609375
3,5363,2549.284912109375
4,6704,2336.234130859375
5,8045,1982.0538330078125
6,9386,1457.87158203125
7,10727,1576.3546142578125
8,12068,1156.46435546875
9,13409,1154.0478515625
