epoch,step,valid_loss
0,3093,2898.244873046875
1,6187,2319.79931640625
2,9281,1998.8707275390625
3,12375,1853.0166015625
4,15469,1797.75830078125
5,18563,1701.7015380859375
6,21657,1699.7867431640625
7,24751,1607.5518798828125
8,27845,1617.223388671875
9,30939,1619.75146484375
