epoch,step,valid_loss
0,334,2778.28076171875
1,669,2349.734375
2,1004,1959.2850341796875
3,1339,1731.08447265625
4,1674,1662.90966796875
5,2009,1513.5762939453125
6,2344,1417.393310546875
7,2679,1365.4510498046875
8,3014,1342.06591796875
9,3349,1325.59326171875
