epoch,step,valid_loss
0,166,4158.21533203125
1,333,4904.89013671875
2,500,3576.789794921875
3,667,4039.229736328125
4,834,3412.35693359375
5,1001,3191.427734375
6,1168,2993.49560546875
7,1335,2554.107666015625
8,1502,2269.4677734375
9,1669,2133.647216796875
