epoch,step,valid_loss
0,20,33126.03515625
1,41,30214.64453125
2,62,27197.888671875
3,83,24477.259765625
4,104,22330.111328125
5,125,20804.080078125
6,146,19838.064453125
7,167,19297.91796875
8,188,19061.236328125
9,209,19001.5625
