epoch,step,valid_loss
0,6188,1760.8831787109375
1,12377,1469.645263671875
2,18566,1538.234375
3,24755,1340.8436279296875
4,30944,1265.292236328125
5,37133,1309.04150390625
6,43322,1341.3922119140625
7,49511,1339.1329345703125
8,55700,1284.441162109375
9,61889,1290.4833984375
