epoch,step,valid_loss
0,3093,5800.80615234375
1,6187,4808.953125
2,9281,3687.364990234375
3,12375,2881.3779296875
4,15469,2535.16552734375
5,18563,2201.49267578125
6,21657,1973.6700439453125
7,24751,1891.3250732421875
8,27845,1799.691650390625
9,30939,1753.3427734375
