epoch,step,valid_loss
0,1546,2849.375
1,3093,2147.57275390625
2,4640,2064.1328125
3,6187,1896.196533203125
4,7734,1899.552978515625
5,9281,1735.2252197265625
6,10828,1718.5494384765625
7,12375,1650.09912109375
8,13922,1544.3839111328125
9,15469,1507.9161376953125
