epoch,step,valid_loss
0,669,10182.50390625
1,1339,3856.568115234375
2,2009,3072.157470703125
3,2679,2645.196533203125
4,3349,2592.66162109375
5,4019,2431.82080078125
6,4689,2311.727783203125
7,5359,2305.871826171875
8,6029,2242.087646484375
9,6699,2222.204833984375
