epoch,step,valid_loss
0,86,6591.03466796875
1,173,3313.07275390625
2,260,3165.27978515625
3,347,2942.141845703125
4,434,2791.416259765625
5,521,2551.074462890625
6,608,2467.56982421875
7,695,2540.70947265625
8,782,2501.11767578125
9,869,2500.33349609375
