epoch,step,valid_loss
0,349,11701.1796875
1,699,12354.4677734375
2,1049,8081.0263671875
3,1399,4173.13671875
4,1749,3906.26171875
5,2099,3706.519775390625
6,2449,3573.0283203125
7,2799,3298.569091796875
8,3149,3376.884765625
9,3499,3197.817138671875
