epoch,step,valid_loss
0,82,6173.67333984375
1,165,5437.5927734375
2,248,5584.95849609375
3,331,5344.3642578125
4,414,5090.95166015625
5,497,4924.32861328125
6,580,4836.8251953125
7,663,4776.3779296875
8,746,4759.74560546875
9,829,4738.93505859375
