epoch,step,valid_loss
0,174,22881.53125
1,349,14017.240234375
2,524,12177.2490234375
3,699,6155.13818359375
4,874,5745.22216796875
5,1049,4598.3037109375
6,1224,4423.8798828125
7,1399,4337.5244140625
8,1574,4300.068359375
9,1749,4289.5244140625
