epoch,step,valid_loss
0,82,5035.21826171875
1,165,3652.16650390625
2,248,4178.810546875
3,331,2784.959716796875
4,414,2374.140625
5,497,2110.940185546875
6,580,2033.264892578125
7,663,1874.5140380859375
8,746,1787.7811279296875
9,829,1749.9508056640625
