epoch,step,valid_loss
0,385,6037.29443359375
1,771,3998.263427734375
2,1157,3079.1376953125
3,1543,2869.048095703125
4,1929,2683.9482421875
5,2315,2498.968017578125
6,2701,2448.470947265625
7,3087,2416.691650390625
8,3473,2205.015625
9,3859,2151.538330078125
