epoch,step,valid_loss
0,86,12905.1494140625
1,173,6090.4990234375
2,260,3636.213134765625
3,347,3273.966552734375
4,434,2850.732421875
5,521,2741.502685546875
6,608,2545.354248046875
7,695,2415.909912109375
8,782,2418.222900390625
9,869,2405.11279296875
