epoch,step,valid_loss
0,166,5912.11279296875
1,333,5215.39111328125
2,500,4553.4052734375
3,667,4195.21826171875
4,834,3767.046875
5,1001,3293.354248046875
6,1168,3079.880615234375
7,1335,2923.423095703125
8,1502,2759.061767578125
9,1669,2708.69140625
