epoch,step,valid_loss
0,6188,3534.022705078125
1,12377,2090.5537109375
2,18566,1665.8271484375
3,24755,1457.1507568359375
4,30944,1366.588134765625
5,37133,1435.9327392578125
6,43322,1269.1259765625
7,49511,1264.7564697265625
8,55700,1311.04248046875
9,61889,1306.79248046875
