epoch,step,valid_loss
0,6188,1826.7720947265625
1,12377,1607.9486083984375
2,18566,1398.927001953125
3,24755,1360.43212890625
4,30944,1370.2862548828125
5,37133,1270.8106689453125
6,43322,1271.6536865234375
7,49511,1237.48388671875
8,55700,1157.6036376953125
9,61889,1185.26123046875
