epoch,step,valid_loss
0,3093,1926.81591796875
1,6187,1874.870849609375
2,9281,1680.094482421875
3,12375,1639.2371826171875
4,15469,1566.0235595703125
5,18563,1588.59423828125
6,21657,1552.843017578125
7,24751,1527.279296875
8,27845,1557.5548095703125
9,30939,1468.586669921875
