epoch,step,valid_loss
0,1340,2286.9697265625
1,2681,1763.9832763671875
2,4022,1817.799560546875
3,5363,1537.7496337890625
4,6704,1384.5142822265625
5,8045,1310.6632080078125
6,9386,1377.230712890625
7,10727,1278.7864990234375
8,12068,1186.93212890625
9,13409,1167.9490966796875
