epoch,step,valid_loss
0,669,5371.31396484375
1,1339,4222.84912109375
2,2009,3544.7509765625
3,2679,2884.116455078125
4,3349,2358.960693359375
5,4019,2196.34521484375
6,4689,2163.23095703125
7,5359,2107.40185546875
8,6029,2084.78515625
9,6699,2043.6048583984375
