epoch,step,valid_loss
0,3093,1964.84423828125
1,6187,1814.769287109375
2,9281,1742.8388671875
3,12375,1643.502685546875
4,15469,1560.5252685546875
5,18563,1513.894287109375
6,21657,1453.4241943359375
7,24751,1461.4176025390625
8,27845,1427.44970703125
9,30939,1469.92822265625
